part,category,url,status,file
sn74hc00,Logic_74HC,https://www.ti.com/lit/ds/symlink/sn74hc00.pdf,ok,/sessions/6a187d0dea35b5946776437b/workspace/datasheets_100/by_category/Logic_74HC/sn74hc00.pdf
sn74hc02,Logic_74HC,https://www.ti.com/lit/ds/symlink/sn74hc02.pdf,ok,/sessions/6a187d0dea35b5946776437b/workspace/datasheets_100/by_category/Logic_74HC/sn74hc02.pdf
sn74hc04,Logic_74HC,https://www.ti.com/lit/ds/symlink/sn74hc04.pdf,ok,/sessions/6a187d0dea35b5946776437b/workspace/datasheets_100/by_category/Logic_74HC/sn74hc04.pdf
sn74hc08,Logic_74HC,https://www.ti.com/lit/ds/symlink/sn74hc08.pdf,ok,/sessions/6a187d0dea35b5946776437b/workspace/datasheets_100/by_category/Logic_74HC/sn74hc08.pdf
sn74hc10,Logic_74HC,https://www.ti.com/lit/ds/symlink/sn74hc10.pdf,ok,/sessions/6a187d0dea35b5946776437b/workspace/datasheets_100/by_category/Logic_74HC/sn74hc10.pdf
sn74hc11,Logic_74HC,https://www.ti.com/lit/ds/symlink/sn74hc11.pdf,ok,/sessions/6a187d0dea35b5946776437b/workspace/datasheets_100/by_category/Logic_74HC/sn74hc11.pdf
sn74hc14,Logic_74HC,https://www.ti.com/lit/ds/symlink/sn74hc14.pdf,ok,/sessions/6a187d0dea35b5946776437b/workspace/datasheets_100/by_category/Logic_74HC/sn74hc14.pdf
sn74hc20,Logic_74HC,https://www.ti.com/lit/ds/symlink/sn74hc20.pdf,ok,/sessions/6a187d0dea35b5946776437b/workspace/datasheets_100/by_category/Logic_74HC/sn74hc20.pdf
sn74hc21,Logic_74HC,https://www.ti.com/lit/ds/symlink/sn74hc21.pdf,ok,/sessions/6a187d0dea35b5946776437b/workspace/datasheets_100/by_category/Logic_74HC/sn74hc21.pdf
sn74hc30,Logic_74HC,https://www.ti.com/lit/ds/symlink/sn74hc30.pdf,wget_failed(8),/sessions/6a187d0dea35b5946776437b/workspace/datasheets_100/by_category/Logic_74HC/sn74hc30.pdf
sn74hc32,Logic_74HC,https://www.ti.com/lit/ds/symlink/sn74hc32.pdf,ok,/sessions/6a187d0dea35b5946776437b/workspace/datasheets_100/by_category/Logic_74HC/sn74hc32.pdf
sn74hc33,Logic_74HC,https://www.ti.com/lit/ds/symlink/sn74hc33.pdf,wget_failed(8),/sessions/6a187d0dea35b5946776437b/workspace/datasheets_100/by_category/Logic_74HC/sn74hc33.pdf
sn74hc38,Logic_74HC,https://www.ti.com/lit/ds/symlink/sn74hc38.pdf,wget_failed(8),/sessions/6a187d0dea35b5946776437b/workspace/datasheets_100/by_category/Logic_74HC/sn74hc38.pdf
sn74hc40,Logic_74HC,https://www.ti.com/lit/ds/symlink/sn74hc40.pdf,wget_failed(8),/sessions/6a187d0dea35b5946776437b/workspace/datasheets_100/by_category/Logic_74HC/sn74hc40.pdf
sn74hc42,Logic_74HC,https://www.ti.com/lit/ds/symlink/sn74hc42.pdf,ok,/sessions/6a187d0dea35b5946776437b/workspace/datasheets_100/by_category/Logic_74HC/sn74hc42.pdf
sn74hc47,Logic_74HC,https://www.ti.com/lit/ds/symlink/sn74hc47.pdf,wget_failed(8),/sessions/6a187d0dea35b5946776437b/workspace/datasheets_100/by_category/Logic_74HC/sn74hc47.pdf
sn74hc48,Logic_74HC,https://www.ti.com/lit/ds/symlink/sn74hc48.pdf,wget_failed(8),/sessions/6a187d0dea35b5946776437b/workspace/datasheets_100/by_category/Logic_74HC/sn74hc48.pdf
sn74hc51,Logic_74HC,https://www.ti.com/lit/ds/symlink/sn74hc51.pdf,wget_failed(8),/sessions/6a187d0dea35b5946776437b/workspace/datasheets_100/by_category/Logic_74HC/sn74hc51.pdf
sn74hc54,Logic_74HC,https://www.ti.com/lit/ds/symlink/sn74hc54.pdf,wget_failed(8),/sessions/6a187d0dea35b5946776437b/workspace/datasheets_100/by_category/Logic_74HC/sn74hc54.pdf
sn74hc73,Logic_74HC,https://www.ti.com/lit/ds/symlink/sn74hc73.pdf,wget_failed(8),/sessions/6a187d0dea35b5946776437b/workspace/datasheets_100/by_category/Logic_74HC/sn74hc73.pdf
sn74hc74,Logic_74HC,https://www.ti.com/lit/ds/symlink/sn74hc74.pdf,ok,/sessions/6a187d0dea35b5946776437b/workspace/datasheets_100/by_category/Logic_74HC/sn74hc74.pdf
sn74hc75,Logic_74HC,https://www.ti.com/lit/ds/symlink/sn74hc75.pdf,wget_failed(8),/sessions/6a187d0dea35b5946776437b/workspace/datasheets_100/by_category/Logic_74HC/sn74hc75.pdf
sn74hc76,Logic_74HC,https://www.ti.com/lit/ds/symlink/sn74hc76.pdf,wget_failed(8),/sessions/6a187d0dea35b5946776437b/workspace/datasheets_100/by_category/Logic_74HC/sn74hc76.pdf
sn74hc77,Logic_74HC,https://www.ti.com/lit/ds/symlink/sn74hc77.pdf,wget_failed(8),/sessions/6a187d0dea35b5946776437b/workspace/datasheets_100/by_category/Logic_74HC/sn74hc77.pdf
sn74hc78,Logic_74HC,https://www.ti.com/lit/ds/symlink/sn74hc78.pdf,wget_failed(8),/sessions/6a187d0dea35b5946776437b/workspace/datasheets_100/by_category/Logic_74HC/sn74hc78.pdf
sn74hc85,Logic_74HC,https://www.ti.com/lit/ds/symlink/sn74hc85.pdf,wget_failed(8),/sessions/6a187d0dea35b5946776437b/workspace/datasheets_100/by_category/Logic_74HC/sn74hc85.pdf
sn74hc86,Logic_74HC,https://www.ti.com/lit/ds/symlink/sn74hc86.pdf,ok,/sessions/6a187d0dea35b5946776437b/workspace/datasheets_100/by_category/Logic_74HC/sn74hc86.pdf
sn74hc90,Logic_74HC,https://www.ti.com/lit/ds/symlink/sn74hc90.pdf,wget_failed(8),/sessions/6a187d0dea35b5946776437b/workspace/datasheets_100/by_category/Logic_74HC/sn74hc90.pdf
sn74hc93,Logic_74HC,https://www.ti.com/lit/ds/symlink/sn74hc93.pdf,wget_failed(8),/sessions/6a187d0dea35b5946776437b/workspace/datasheets_100/by_category/Logic_74HC/sn74hc93.pdf
sn74hc95,Logic_74HC,https://www.ti.com/lit/ds/symlink/sn74hc95.pdf,wget_failed(8),/sessions/6a187d0dea35b5946776437b/workspace/datasheets_100/by_category/Logic_74HC/sn74hc95.pdf
sn74hc107,Logic_74HC,https://www.ti.com/lit/ds/symlink/sn74hc107.pdf,wget_failed(8),/sessions/6a187d0dea35b5946776437b/workspace/datasheets_100/by_category/Logic_74HC/sn74hc107.pdf
sn74hc109,Logic_74HC,https://www.ti.com/lit/ds/symlink/sn74hc109.pdf,ok,/sessions/6a187d0dea35b5946776437b/workspace/datasheets_100/by_category/Logic_74HC/sn74hc109.pdf
sn74hc112,Logic_74HC,https://www.ti.com/lit/ds/symlink/sn74hc112.pdf,ok,/sessions/6a187d0dea35b5946776437b/workspace/datasheets_100/by_category/Logic_74HC/sn74hc112.pdf
sn74hc113,Logic_74HC,https://www.ti.com/lit/ds/symlink/sn74hc113.pdf,wget_failed(8),/sessions/6a187d0dea35b5946776437b/workspace/datasheets_100/by_category/Logic_74HC/sn74hc113.pdf
sn74hc123,Logic_74HC,https://www.ti.com/lit/ds/symlink/sn74hc123.pdf,wget_failed(8),/sessions/6a187d0dea35b5946776437b/workspace/datasheets_100/by_category/Logic_74HC/sn74hc123.pdf
sn74hc125,Logic_74HC,https://www.ti.com/lit/ds/symlink/sn74hc125.pdf,ok,/sessions/6a187d0dea35b5946776437b/workspace/datasheets_100/by_category/Logic_74HC/sn74hc125.pdf
sn74hc126,Logic_74HC,https://www.ti.com/lit/ds/symlink/sn74hc126.pdf,ok,/sessions/6a187d0dea35b5946776437b/workspace/datasheets_100/by_category/Logic_74HC/sn74hc126.pdf
sn74hc132,Logic_74HC,https://www.ti.com/lit/ds/symlink/sn74hc132.pdf,ok,/sessions/6a187d0dea35b5946776437b/workspace/datasheets_100/by_category/Logic_74HC/sn74hc132.pdf
sn74hc133,Logic_74HC,https://www.ti.com/lit/ds/symlink/sn74hc133.pdf,wget_failed(8),/sessions/6a187d0dea35b5946776437b/workspace/datasheets_100/by_category/Logic_74HC/sn74hc133.pdf
sn74hc136,Logic_74HC,https://www.ti.com/lit/ds/symlink/sn74hc136.pdf,wget_failed(8),/sessions/6a187d0dea35b5946776437b/workspace/datasheets_100/by_category/Logic_74HC/sn74hc136.pdf
sn74hc138,Logic_74HC,https://www.ti.com/lit/ds/symlink/sn74hc138.pdf,ok,/sessions/6a187d0dea35b5946776437b/workspace/datasheets_100/by_category/Logic_74HC/sn74hc138.pdf
sn74hc139,Logic_74HC,https://www.ti.com/lit/ds/symlink/sn74hc139.pdf,ok,/sessions/6a187d0dea35b5946776437b/workspace/datasheets_100/by_category/Logic_74HC/sn74hc139.pdf
sn74hc148,Logic_74HC,https://www.ti.com/lit/ds/symlink/sn74hc148.pdf,ok,/sessions/6a187d0dea35b5946776437b/workspace/datasheets_100/by_category/Logic_74HC/sn74hc148.pdf
sn74hc151,Logic_74HC,https://www.ti.com/lit/ds/symlink/sn74hc151.pdf,ok,/sessions/6a187d0dea35b5946776437b/workspace/datasheets_100/by_category/Logic_74HC/sn74hc151.pdf
sn74hc153,Logic_74HC,https://www.ti.com/lit/ds/symlink/sn74hc153.pdf,ok,/sessions/6a187d0dea35b5946776437b/workspace/datasheets_100/by_category/Logic_74HC/sn74hc153.pdf
sn74hc154,Logic_74HC,https://www.ti.com/lit/ds/symlink/sn74hc154.pdf,wget_failed(8),/sessions/6a187d0dea35b5946776437b/workspace/datasheets_100/by_category/Logic_74HC/sn74hc154.pdf
sn74hc157,Logic_74HC,https://www.ti.com/lit/ds/symlink/sn74hc157.pdf,ok,/sessions/6a187d0dea35b5946776437b/workspace/datasheets_100/by_category/Logic_74HC/sn74hc157.pdf
sn74hc158,Logic_74HC,https://www.ti.com/lit/ds/symlink/sn74hc158.pdf,ok,/sessions/6a187d0dea35b5946776437b/workspace/datasheets_100/by_category/Logic_74HC/sn74hc158.pdf
sn74hc160,Logic_74HC,https://www.ti.com/lit/ds/symlink/sn74hc160.pdf,wget_failed(8),/sessions/6a187d0dea35b5946776437b/workspace/datasheets_100/by_category/Logic_74HC/sn74hc160.pdf
sn74hc161,Logic_74HC,https://www.ti.com/lit/ds/symlink/sn74hc161.pdf,ok,/sessions/6a187d0dea35b5946776437b/workspace/datasheets_100/by_category/Logic_74HC/sn74hc161.pdf
sn74hc163,Logic_74HC,https://www.ti.com/lit/ds/symlink/sn74hc163.pdf,ok,/sessions/6a187d0dea35b5946776437b/workspace/datasheets_100/by_category/Logic_74HC/sn74hc163.pdf
sn74hc164,Logic_74HC,https://www.ti.com/lit/ds/symlink/sn74hc164.pdf,ok,/sessions/6a187d0dea35b5946776437b/workspace/datasheets_100/by_category/Logic_74HC/sn74hc164.pdf
sn74hc165,Logic_74HC,https://www.ti.com/lit/ds/symlink/sn74hc165.pdf,ok,/sessions/6a187d0dea35b5946776437b/workspace/datasheets_100/by_category/Logic_74HC/sn74hc165.pdf
sn74hc166,Logic_74HC,https://www.ti.com/lit/ds/symlink/sn74hc166.pdf,ok,/sessions/6a187d0dea35b5946776437b/workspace/datasheets_100/by_category/Logic_74HC/sn74hc166.pdf
sn74hc173,Logic_74HC,https://www.ti.com/lit/ds/symlink/sn74hc173.pdf,wget_failed(8),/sessions/6a187d0dea35b5946776437b/workspace/datasheets_100/by_category/Logic_74HC/sn74hc173.pdf
sn74hc174,Logic_74HC,https://www.ti.com/lit/ds/symlink/sn74hc174.pdf,ok,/sessions/6a187d0dea35b5946776437b/workspace/datasheets_100/by_category/Logic_74HC/sn74hc174.pdf
sn74hc175,Logic_74HC,https://www.ti.com/lit/ds/symlink/sn74hc175.pdf,ok,/sessions/6a187d0dea35b5946776437b/workspace/datasheets_100/by_category/Logic_74HC/sn74hc175.pdf
sn74hc190,Logic_74HC,https://www.ti.com/lit/ds/symlink/sn74hc190.pdf,wget_failed(8),/sessions/6a187d0dea35b5946776437b/workspace/datasheets_100/by_category/Logic_74HC/sn74hc190.pdf
sn74hc191,Logic_74HC,https://www.ti.com/lit/ds/symlink/sn74hc191.pdf,ok,/sessions/6a187d0dea35b5946776437b/workspace/datasheets_100/by_category/Logic_74HC/sn74hc191.pdf
sn74hc193,Logic_74HC,https://www.ti.com/lit/ds/symlink/sn74hc193.pdf,ok,/sessions/6a187d0dea35b5946776437b/workspace/datasheets_100/by_category/Logic_74HC/sn74hc193.pdf
sn74hc221,Logic_74HC,https://www.ti.com/lit/ds/symlink/sn74hc221.pdf,wget_failed(8),/sessions/6a187d0dea35b5946776437b/workspace/datasheets_100/by_category/Logic_74HC/sn74hc221.pdf
sn74hc240,Logic_74HC,https://www.ti.com/lit/ds/symlink/sn74hc240.pdf,ok,/sessions/6a187d0dea35b5946776437b/workspace/datasheets_100/by_category/Logic_74HC/sn74hc240.pdf
sn74hc241,Logic_74HC,https://www.ti.com/lit/ds/symlink/sn74hc241.pdf,ok,/sessions/6a187d0dea35b5946776437b/workspace/datasheets_100/by_category/Logic_74HC/sn74hc241.pdf
sn74hc244,Logic_74HC,https://www.ti.com/lit/ds/symlink/sn74hc244.pdf,ok,/sessions/6a187d0dea35b5946776437b/workspace/datasheets_100/by_category/Logic_74HC/sn74hc244.pdf
sn74hc245,Logic_74HC,https://www.ti.com/lit/ds/symlink/sn74hc245.pdf,ok,/sessions/6a187d0dea35b5946776437b/workspace/datasheets_100/by_category/Logic_74HC/sn74hc245.pdf
sn74hc259,Logic_74HC,https://www.ti.com/lit/ds/symlink/sn74hc259.pdf,ok,/sessions/6a187d0dea35b5946776437b/workspace/datasheets_100/by_category/Logic_74HC/sn74hc259.pdf
sn74hc273,Logic_74HC,https://www.ti.com/lit/ds/symlink/sn74hc273.pdf,ok,/sessions/6a187d0dea35b5946776437b/workspace/datasheets_100/by_category/Logic_74HC/sn74hc273.pdf
sn74hc280,Logic_74HC,https://www.ti.com/lit/ds/symlink/sn74hc280.pdf,wget_failed(8),/sessions/6a187d0dea35b5946776437b/workspace/datasheets_100/by_category/Logic_74HC/sn74hc280.pdf
sn74hc283,Logic_74HC,https://www.ti.com/lit/ds/symlink/sn74hc283.pdf,wget_failed(8),/sessions/6a187d0dea35b5946776437b/workspace/datasheets_100/by_category/Logic_74HC/sn74hc283.pdf
sn74hc299,Logic_74HC,https://www.ti.com/lit/ds/symlink/sn74hc299.pdf,wget_failed(8),/sessions/6a187d0dea35b5946776437b/workspace/datasheets_100/by_category/Logic_74HC/sn74hc299.pdf
sn74hc365,Logic_74HC,https://www.ti.com/lit/ds/symlink/sn74hc365.pdf,ok,/sessions/6a187d0dea35b5946776437b/workspace/datasheets_100/by_category/Logic_74HC/sn74hc365.pdf
sn74hc367,Logic_74HC,https://www.ti.com/lit/ds/symlink/sn74hc367.pdf,ok,/sessions/6a187d0dea35b5946776437b/workspace/datasheets_100/by_category/Logic_74HC/sn74hc367.pdf
sn74hc373,Logic_74HC,https://www.ti.com/lit/ds/symlink/sn74hc373.pdf,ok,/sessions/6a187d0dea35b5946776437b/workspace/datasheets_100/by_category/Logic_74HC/sn74hc373.pdf
sn74hc374,Logic_74HC,https://www.ti.com/lit/ds/symlink/sn74hc374.pdf,ok,/sessions/6a187d0dea35b5946776437b/workspace/datasheets_100/by_category/Logic_74HC/sn74hc374.pdf
sn74hc377,Logic_74HC,https://www.ti.com/lit/ds/symlink/sn74hc377.pdf,ok,/sessions/6a187d0dea35b5946776437b/workspace/datasheets_100/by_category/Logic_74HC/sn74hc377.pdf
sn74hc393,Logic_74HC,https://www.ti.com/lit/ds/symlink/sn74hc393.pdf,ok,/sessions/6a187d0dea35b5946776437b/workspace/datasheets_100/by_category/Logic_74HC/sn74hc393.pdf
sn74hc4040,Logic_74HC,https://www.ti.com/lit/ds/symlink/sn74hc4040.pdf,ok,/sessions/6a187d0dea35b5946776437b/workspace/datasheets_100/by_category/Logic_74HC/sn74hc4040.pdf
sn74hc4051,Logic_74HC,https://www.ti.com/lit/ds/symlink/sn74hc4051.pdf,wget_failed(8),/sessions/6a187d0dea35b5946776437b/workspace/datasheets_100/by_category/Logic_74HC/sn74hc4051.pdf
sn74hc4052,Logic_74HC,https://www.ti.com/lit/ds/symlink/sn74hc4052.pdf,wget_failed(8),/sessions/6a187d0dea35b5946776437b/workspace/datasheets_100/by_category/Logic_74HC/sn74hc4052.pdf
sn74hc4053,Logic_74HC,https://www.ti.com/lit/ds/symlink/sn74hc4053.pdf,wget_failed(8),/sessions/6a187d0dea35b5946776437b/workspace/datasheets_100/by_category/Logic_74HC/sn74hc4053.pdf
sn74hc4060,Logic_74HC,https://www.ti.com/lit/ds/symlink/sn74hc4060.pdf,ok,/sessions/6a187d0dea35b5946776437b/workspace/datasheets_100/by_category/Logic_74HC/sn74hc4060.pdf
sn74hc4066,Logic_74HC,https://www.ti.com/lit/ds/symlink/sn74hc4066.pdf,ok,/sessions/6a187d0dea35b5946776437b/workspace/datasheets_100/by_category/Logic_74HC/sn74hc4066.pdf
sn74hc4075,Logic_74HC,https://www.ti.com/lit/ds/symlink/sn74hc4075.pdf,wget_failed(8),/sessions/6a187d0dea35b5946776437b/workspace/datasheets_100/by_category/Logic_74HC/sn74hc4075.pdf
sn74hc4094,Logic_74HC,https://www.ti.com/lit/ds/symlink/sn74hc4094.pdf,wget_failed(8),/sessions/6a187d0dea35b5946776437b/workspace/datasheets_100/by_category/Logic_74HC/sn74hc4094.pdf
sn74hc4511,Logic_74HC,https://www.ti.com/lit/ds/symlink/sn74hc4511.pdf,wget_failed(8),/sessions/6a187d0dea35b5946776437b/workspace/datasheets_100/by_category/Logic_74HC/sn74hc4511.pdf
sn74hc595,Logic_74HC,https://www.ti.com/lit/ds/symlink/sn74hc595.pdf,ok,/sessions/6a187d0dea35b5946776437b/workspace/datasheets_100/by_category/Logic_74HC/sn74hc595.pdf
sn74hc597,Logic_74HC,https://www.ti.com/lit/ds/symlink/sn74hc597.pdf,wget_failed(8),/sessions/6a187d0dea35b5946776437b/workspace/datasheets_100/by_category/Logic_74HC/sn74hc597.pdf
sn74hc688,Logic_74HC,https://www.ti.com/lit/ds/symlink/sn74hc688.pdf,ok,/sessions/6a187d0dea35b5946776437b/workspace/datasheets_100/by_category/Logic_74HC/sn74hc688.pdf
cd4011b,Logic_CD4000,https://www.ti.com/lit/ds/symlink/cd4011b.pdf,ok,/sessions/6a187d0dea35b5946776437b/workspace/datasheets_100/by_category/Logic_CD4000/cd4011b.pdf
cd4012b,Logic_CD4000,https://www.ti.com/lit/ds/symlink/cd4012b.pdf,ok,/sessions/6a187d0dea35b5946776437b/workspace/datasheets_100/by_category/Logic_CD4000/cd4012b.pdf
cd4013b,Logic_CD4000,https://www.ti.com/lit/ds/symlink/cd4013b.pdf,ok,/sessions/6a187d0dea35b5946776437b/workspace/datasheets_100/by_category/Logic_CD4000/cd4013b.pdf
cd4015b,Logic_CD4000,https://www.ti.com/lit/ds/symlink/cd4015b.pdf,ok,/sessions/6a187d0dea35b5946776437b/workspace/datasheets_100/by_category/Logic_CD4000/cd4015b.pdf
cd4017b,Logic_CD4000,https://www.ti.com/lit/ds/symlink/cd4017b.pdf,ok,/sessions/6a187d0dea35b5946776437b/workspace/datasheets_100/by_category/Logic_CD4000/cd4017b.pdf
cd4020b,Logic_CD4000,https://www.ti.com/lit/ds/symlink/cd4020b.pdf,ok,/sessions/6a187d0dea35b5946776437b/workspace/datasheets_100/by_category/Logic_CD4000/cd4020b.pdf
cd4021b,Logic_CD4000,https://www.ti.com/lit/ds/symlink/cd4021b.pdf,ok,/sessions/6a187d0dea35b5946776437b/workspace/datasheets_100/by_category/Logic_CD4000/cd4021b.pdf
cd4022b,Logic_CD4000,https://www.ti.com/lit/ds/symlink/cd4022b.pdf,ok,/sessions/6a187d0dea35b5946776437b/workspace/datasheets_100/by_category/Logic_CD4000/cd4022b.pdf
cd4023b,Logic_CD4000,https://www.ti.com/lit/ds/symlink/cd4023b.pdf,ok,/sessions/6a187d0dea35b5946776437b/workspace/datasheets_100/by_category/Logic_CD4000/cd4023b.pdf
cd4024b,Logic_CD4000,https://www.ti.com/lit/ds/symlink/cd4024b.pdf,ok,/sessions/6a187d0dea35b5946776437b/workspace/datasheets_100/by_category/Logic_CD4000/cd4024b.pdf
cd4026b,Logic_CD4000,https://www.ti.com/lit/ds/symlink/cd4026b.pdf,ok,/sessions/6a187d0dea35b5946776437b/workspace/datasheets_100/by_category/Logic_CD4000/cd4026b.pdf
cd4027b,Logic_CD4000,https://www.ti.com/lit/ds/symlink/cd4027b.pdf,ok,/sessions/6a187d0dea35b5946776437b/workspace/datasheets_100/by_category/Logic_CD4000/cd4027b.pdf
cd4028b,Logic_CD4000,https://www.ti.com/lit/ds/symlink/cd4028b.pdf,ok,/sessions/6a187d0dea35b5946776437b/workspace/datasheets_100/by_category/Logic_CD4000/cd4028b.pdf
cd4029b,Logic_CD4000,https://www.ti.com/lit/ds/symlink/cd4029b.pdf,ok,/sessions/6a187d0dea35b5946776437b/workspace/datasheets_100/by_category/Logic_CD4000/cd4029b.pdf
cd4040b,Logic_CD4000,https://www.ti.com/lit/ds/symlink/cd4040b.pdf,ok,/sessions/6a187d0dea35b5946776437b/workspace/datasheets_100/by_category/Logic_CD4000/cd4040b.pdf
cd4047b,Logic_CD4000,https://www.ti.com/lit/ds/symlink/cd4047b.pdf,ok,/sessions/6a187d0dea35b5946776437b/workspace/datasheets_100/by_category/Logic_CD4000/cd4047b.pdf
cd4050b,Logic_CD4000,https://www.ti.com/lit/ds/symlink/cd4050b.pdf,ok,/sessions/6a187d0dea35b5946776437b/workspace/datasheets_100/by_category/Logic_CD4000/cd4050b.pdf
cd4051b,Logic_CD4000,https://www.ti.com/lit/ds/symlink/cd4051b.pdf,ok,/sessions/6a187d0dea35b5946776437b/workspace/datasheets_100/by_category/Logic_CD4000/cd4051b.pdf
cd4052b,Logic_CD4000,https://www.ti.com/lit/ds/symlink/cd4052b.pdf,ok,/sessions/6a187d0dea35b5946776437b/workspace/datasheets_100/by_category/Logic_CD4000/cd4052b.pdf
cd4053b,Logic_CD4000,https://www.ti.com/lit/ds/symlink/cd4053b.pdf,ok,/sessions/6a187d0dea35b5946776437b/workspace/datasheets_100/by_category/Logic_CD4000/cd4053b.pdf
cd4060b,Logic_CD4000,https://www.ti.com/lit/ds/symlink/cd4060b.pdf,ok,/sessions/6a187d0dea35b5946776437b/workspace/datasheets_100/by_category/Logic_CD4000/cd4060b.pdf
cd4066b,Logic_CD4000,https://www.ti.com/lit/ds/symlink/cd4066b.pdf,ok,/sessions/6a187d0dea35b5946776437b/workspace/datasheets_100/by_category/Logic_CD4000/cd4066b.pdf
cd4070b,Logic_CD4000,https://www.ti.com/lit/ds/symlink/cd4070b.pdf,ok,/sessions/6a187d0dea35b5946776437b/workspace/datasheets_100/by_category/Logic_CD4000/cd4070b.pdf
cd4071b,Logic_CD4000,https://www.ti.com/lit/ds/symlink/cd4071b.pdf,ok,/sessions/6a187d0dea35b5946776437b/workspace/datasheets_100/by_category/Logic_CD4000/cd4071b.pdf
